id,password,gender,name,age
16658,ad505b0be8a49b89273e307106fa42133cbd804456724c5e7635bd953215d92a,0,Thomas Garcia,16
22354,a657fa855740a63d55448b06afbc256bcecb8ba1bcb219fea8def369b4d0ef29,0,Richard Williams,14
75229,5e643ab1175fdd73bea8d07c38b7c70f95b4a9f8cf3e9b96eaaa7d74acfffc8c,0,David Johnson,17
58908,5d7f15f2fce8ddb2dbef5c38be896c238ba7e0a432e396759030a853fa6b1151,0,William Brown,18
88475,cf0622ef2a661cd2f11b0b644e40e4e00eb962918424a8c8ba53842fdf290235,0,Robert Johnson,16
73580,4f278cdddf52263fe21c64c94932f2b2ec316acecd39a7adcc01eb2e6592a678,1,Patricia Brown,16
18675,befa156f0283eb0062beb9b86e16a413e1cf8c5135e5518d5c4fa321ce0c7b6b,0,William Garcia,18
13562,cd879f74c6ffe6e4ae973145798ca26489fa2a61f7b29ac5fd816c0ad959511f,0,James Williams,14
61625,04e9418eeb500e3b1f4e12e5fc930d7f2833c2b0cfc5e1cc9d900729effa0744,0,Robert Brown,15
87649,bc12b8f31ccdb4f7e89f96e080a823c23bccc8f2969cfeaa5667b64cc1dd8a76,1,Barbara Jones,14
20874,c6e7ed2709a89658fed4c20bd8bff13cc5ba65d61f0b94ef48391ff1e7ba448e,0,John Jones,15
98310,91b4d142823f7d20c5f08df69122de43f35f057a988d9619f6d3138485c9a203,0,Charles Brown,17
50855,bd938c688f49b77c7fc537c6b9222e2c97ebddd63076b87f2feaec66fb9c05d0,0,Thomas Williams,18
34452,556f07d09850995fb0e725730dfc84c6e5a6d2a819669197955c4493a9f1eb03,0,James Johnson,14
13219,bd938c688f49b77c7fc537c6b9222e2c97ebddd63076b87f2feaec66fb9c05d0,1,Susan Miller,16
46803,07a0a3bd1783de63016f550da1c0e47c8225fea4b0fa040fe058af60c2d858c7,1,Elizabeth Miller,16
37450,408c7c5887a0f3905767754f424989b0089c14ac502d7f851d11b31ea2d1baa6,1,Jennifer Davis,14
36078,c7904c9551072c0cc8cad7ead0ece9521d2642b2f62281db77c1156fb224c537,0,Joseph Miller,13
14999,e73b48f750be953532c1d1757b5ba081e8a6b0408ea8b4e65ef1e65631a7da06,0,David Garcia,18
16791,a76b7f25b6ba5ec51bd9fa42f4143b63c2495996e783baa4d9f8459d314f6ad2,0,John Williams,17
99721,6eccae6877cf656aa30e3dca5cd966b41ea72f7108d2b76e39753222c431961f,0,Thomas Smith,18
30580,ed02457b5c41d964dbd2f2a609d63fe1bb7528dbe55e1abf5b52c249cd735797,0,James Garcia,18
57153,90cc33a41b541af2c1964e3e10a46088cbdedf63031efaa35d588a698c91193f,1,Patricia Brown,17
14989,4748d4c802a775e8db9a23ec58f0986cacdc5d2d3356d22c490a7d22331ff133,1,Elizabeth Miller,17
38520,3e6078c8113a01138e0d1128f5763fede882e25ffae19e8012240e1084c174a2,1,Barbara Williams,13
93329,b7fc6eaae1bc7d072af23fd0ddb91bcdb21c9252231a7d0a6a93804883d7198b,1,Jennifer Williams,17
38200,61be55a8e2f6b4e172338bddf184d6dbee29c98853e0a0485ecee7f27b9af0b4,1,Susan Brown,14
20112,7a850e85feb9d33611aec64e220b6ddf3ca574d06f7f91ebc415d23e0672b3f2,1,Sarah Miller,15
35785,ac13a8b534df4a28d0fbbbb64cff909b5b1e8faddb4e5ea57bb8a642ce998f66,0,Thomas Davis,17
46048,9fe93417853739c1c18c2e8b051860d1a317824f1aa91304d16f3fe832486f7a,1,Patricia Miller,18
67984,ce1484f50441f993b211de372a6968e3c424604c985829f96f3050323437df99,1,Sarah Johnson,16
20441,94dc354ccaa14e47b774467966de2b443e428ae8ed4849d4e423fb387463d9a0,0,Michael Garcia,16
23283,8c68cf65b6c48e9d23d12e9a0cbfa7cba9e9ffb492e8f0022dec98d85d3d56f9,0,Thomas Johnson,14
80410,07d715edb696fb5f628f7298e5d7217ed4d2bdfc5347a1c55fee30832267f21d,1,Elizabeth Johnson,13
82142,6460662e217c7a9f899208dd70a2c28abdea42f128666a9b78e6c0c064846493,0,William Williams,16
70349,5e643ab1175fdd73bea8d07c38b7c70f95b4a9f8cf3e9b96eaaa7d74acfffc8c,1,Sarah Jones,17
54755,0661652820890613176da180316c4cdbe82aecc68cb8426f983d2c846d3f498e,0,Joseph Brown,16
83422,01d027f99c658a86308f5ce4a721933a123462294983951e262d74e5b2dab989,1,Elizabeth Davis,17
12868,739e72f2db16302b3d58893083364d942bd22727938b316be2ae6c5a12b342fc,0,Thomas Johnson,15
66648,d931a74fe3bb28deee7f370e404c97740113e325b75c41335fe7798fbbbb67cc,1,Barbara Miller,16
62234,0feae16d55365acf07fe9f909834361ba6ee606854746539230bdc84a6a24cee,1,Sarah Davis,13
37090,7ee8118150e0ce023742beba6f10bf23aabbf0bc2c182f36fd1a6753cd21b4c6,1,Patricia Davis,14
89715,beaafa510bcc774b1be0c7f3fbb033017cd97f2c73455ec2d7747c2e993759b5,0,Joseph Davis,18
35070,b0f60a0469e2ea24fdfc4bdbca468e54818bc5387647f97b2acf0a6e4b2ccacf,1,Sarah Johnson,15
89405,5f0365c978d880bc024461c6e16c1a012153a8eb86e9cd2adb3762f777d308a3,0,Michael Garcia,14
64894,fc52fabe94c0e037d2df4498e87481a6438960c9f73d517584a7a5c564535ac4,1,Elizabeth Smith,14
24070,532f011ec89ff0e2e1be76953593b588d47e8a454d18f554e4f2ea6d89615a10,0,John Garcia,17
87919,992345f21b57d68f497b9c5dbf837e060eaf2d8a4894f3f98c0b64de2b13006d,0,John Smith,18
81182,6382deaf1f5dc6e792b76db4a4a7bf2ba468884e000b25e7928e621e27fb23cb,0,William Garcia,14
57868,408c7c5887a0f3905767754f424989b0089c14ac502d7f851d11b31ea2d1baa6,1,Susan Garcia,18
26239,7dfef7aed2105b7eceb4d34e1ad84fdad4693bd5de041e1b47079efeb6001a83,1,Barbara Williams,13
49599,3c66157844fa8ce7e9b67b0022383d7709ba2b30f8306d3c9b2eceb2cd91e4dc,0,Charles Miller,17
81069,e388075da4fa4e95da9b56166145f9685d1e4b08efc7bd5e493daa2f671b49cc,0,William Miller,15
90733,8c2a25260209b2db50e9d7c369876ddeeaebde2472a38426ca4907fbe4135921,0,John Johnson,14
22363,d2a1ba788399c8d1c1273791c5d9937a0b844247425556a9464677ac6dbbbd1f,0,Joseph Garcia,15
43716,9a900403ac313ba27a1bc81f0932652b8020dac92c234d98fa0b06bf0040ecfd,1,Jessica Johnson,14
33391,992345f21b57d68f497b9c5dbf837e060eaf2d8a4894f3f98c0b64de2b13006d,1,Barbara Smith,14
72075,e42ddd748c23785103b4e0f99a0e33954a36bf871a6710f6392a49b77992a00a,0,Robert Smith,16
87118,8bb0cf6eb9b17d0f7d22b456f121257dc1254e1f01665370476383ea776df414,0,James Garcia,14
83010,13a5c202e320d0bf9bb2c6e2c7cf380a6f7de5d392509fee260b809c893ff2f9,1,Patricia Johnson,16
32054,5600715f42bf51c40dc330d750cd996f58fead4ddea56466ce7498d17801b3a5,0,Richard Jones,16
53771,cfae26288bd82e1a97669b7720470cf394e87b0e53bdd7e584055805cc63001f,0,Joseph Garcia,18
52474,51eeed7251f3f56288ee554afaa1028b7fbc3daacc4a952be4ae8d18ddaf3320,1,Susan Brown,15
91087,8458b1d651d9faf2691730497b34526730947b758078610ec3a56ebe844fd1a3,0,Joseph Garcia,18
78230,a2470c9d137c1c5d3567d1180a64cb43a9269c4d6f1ff13ac8cdbaf6fc5df3b7,0,Charles Jones,15
82302,4404f5b7a8836863b4bf63b9958024b6fc9074f0f0480ed8115e4168760e505e,0,John Miller,14
50517,ca52e7d1c18961a8c5b3947a54e48fbf4ee70b66ea413cf7814f1c962631fd58,0,William Smith,14
20443,6089854c94ca5454b76be6752c562901a985f64c9a946f62976aeab593b83161,0,Charles Jones,18
89127,e6e62ee55819cdc13126a8633ee8c43eaf48abf491cbca92129ddf5505b70bc1,1,Jennifer Garcia,18
68298,07672b212369f416dc3505dcba04f379ff39de0d0db31536e57dae76486b5000,0,Charles Brown,16
85179,cbbcacaf0d582e760874a68b44c572218102a1d24fa262b00dc7f090c7257302,0,Robert Jones,16
27167,3b80d38f7686a8b5f8e61ad562ec069ac172732fb4dab946401f21a438669a4b,1,Karen Miller,13
86997,7a2ec40ff8a1247c532309355f798a779e00acff579c63eec3636ffb2902c1ac,1,Susan Jones,14
45728,0729563253bc11cb72714d61132adfe7ba2346b581b02546c9ac4a65fc0c02d8,0,Richard Miller,15
38659,814e2ae0398348d9a87ff91c0372dcb76186ba2d2504b1235c8d5350bf52edda,1,Barbara Garcia,14
86585,23b5ed29a1e8409f70644e44faebae79ae687318efd719d9af29f8496b016a81,0,Charles Johnson,17
42154,be178c0543eb17f5f3043021c9e5fcf30285e557a4fc309cce97ff9ca6182912,1,Sarah Brown,17
63938,467b1b85a0ee941df09ab955dcb561d51bcae760fbec8d0ec154c05528c9cb51,1,Patricia Williams,18
62370,90cc33a41b541af2c1964e3e10a46088cbdedf63031efaa35d588a698c91193f,1,Jessica Garcia,17
59197,bc12b8f31ccdb4f7e89f96e080a823c23bccc8f2969cfeaa5667b64cc1dd8a76,1,Barbara Davis,15
77081,bb61ef40814ce34c1edf0edb609854be9793198a8f60b67d9fb26643c32281d3,1,Jennifer Davis,14
69009,1c24333ca1c6792a65d6e5b1e0b7fbee330dbfd935cfebdcb7fdd332182169e5,0,James Brown,15
41591,0661652820890613176da180316c4cdbe82aecc68cb8426f983d2c846d3f498e,0,Robert Miller,13
93789,32f987ecd36719a12041719b7a729ecbe96f3d76e110121e60df0e599fe9e768,1,Linda Davis,13
40789,826d351f4fc913a4377c90a658119bc57a5bb231f21ce6f71fef7c262d9b2f97,1,Mary Johnson,15
11350,2632ec06e2c2e54a52245ffd9e5af1cb65b21a4cdb031d4e11383719cf8c0ca4,0,Charles Brown,17
50961,4138cfbc5d36f31e8ae09ef4044bb88c0c9c6f289a6a1c27b335a99d1d8dc86f,1,Jennifer Garcia,15
49300,a17444550e2c127b02ea1c197bcffa422c21713040f53d5c2ca7925419bccf7f,1,Linda Davis,16
56117,4e82ffc2e78c1002365b85720d90cd908ad8b5e2fd11a6f9d539ab9105d8c82d,1,Mary Brown,18
26117,7f5a9ba14cb89dc20e9001e41ba6f98fc1d4d71752a7407bcd082d52bb63465c,0,David Miller,16
39861,ca52e7d1c18961a8c5b3947a54e48fbf4ee70b66ea413cf7814f1c962631fd58,0,David Smith,18
48663,e2d279cba45ada22aa30991a04f8fcc7280c7250dcf6454a41e348de6d4627b1,0,William Smith,17
47775,cd879f74c6ffe6e4ae973145798ca26489fa2a61f7b29ac5fd816c0ad959511f,0,John Johnson,16
30000,715dc8493c36579a5b116995100f635e3572fdf8703e708ef1a08d943b36774e,1,Mary Miller,18
17299,57c7bb1bb755cdf7b93f1c63a35c8e873bec990aaa82117ed5e520ca62dc6340,0,Richard Jones,17
93325,e0a32e5cf709a367548ca63aec27ab874a3a6b8ca15da31ec4957a12bb066655,1,Mary Garcia,16
27729,cbc17ed4ed1a11325ad72a09d8176094bf9e6c4577819490f3b62f81084e83c9,0,Michael Garcia,14
73987,a2a52f3eba927ee4e451df164d0c2e0e42bef8c04713d493140f50620696a789,1,Patricia Smith,17
88166,61be55a8e2f6b4e172338bddf184d6dbee29c98853e0a0485ecee7f27b9af0b4,1,Jessica Garcia,17
